{
    "sum_layer_size_bytes": 383513306, 
    "Time": "2017-06-26T13:06:22", 
    "certification_status": "PASS", 
    "openscap_version": "1.2.9-5.el7_2", 
    "Scanner": "isv_reporting", 
    "UUID": "/scanin/b098934f10ae831c325e856ab00e5fbcbe89035c7006e039a27e15e6fa93799", 
    "Scan Type": "all", 
    "raw_data": {
        "rpm_verify_problems": [], 
        "openscap": {
            "UUID": "/scanin/b098934f10ae831c325e856ab00e5fbcbe89035c7006e039a27e15e6fa93799", 
            "Successful": "true", 
            "Vulnerabilities": [], 
            "Scan Type": "CVE", 
            "CVE Feed Last Updated": "2017-06-25T00:10:13", 
            "Time": "2017-06-26T13:06:22", 
            "Finished Time": "2017-06-26T13:06:26", 
            "Scanner": "openscap"
        }, 
        "docker_inspect": {
            "Comment": "", 
            "Container": "fef89573eed793468133345fd619581eb199429c5486177e90fdb7e4b0dff957", 
            "DockerVersion": "1.12.5", 
            "Parent": "", 
            "Created": "2017-06-26T05:33:31.553163874Z", 
            "Config": {
                "Tty": false, 
                "Cmd": [
                    "/bin/bash"
                ], 
                "Volumes": null, 
                "Domainname": "", 
                "WorkingDir": "", 
                "Image": "sha256:acc0f823b0e013825e034c0fa6dc19bad963d5fb8d37d96918d88f3909245d0a", 
                "Hostname": "d205848fa186", 
                "StdinOnce": false, 
                "ArgsEscaped": true, 
                "Labels": {
                    "distribution-scope": "public", 
                    "build-date": "2017-04-20T20:54:02.755607", 
                    "Vendor": "Red Hat, Inc.", 
                    "Name": "rhel7/rhel", 
                    "Build_Host": "rcm-img-docker02.build.eng.bos.redhat.com", 
                    "vcs-type": "git", 
                    "name": "known_good", 
                    "vcs-ref": "08780b7a7779335cf28f64654e43c75ad9341c77", 
                    "release": "104", 
                    "Version": "7.2", 
                    "Architecture": "x86_64", 
                    "version": "20170517", 
                    "Release": "104", 
                    "vendor": "red hat", 
                    "BZComponent": "rhel-server-docker", 
                    "Authoritative_Registry": "registry.access.redhat.com", 
                    "com.redhat.build-host": "rcm-img-docker02.build.eng.bos.redhat.com", 
                    "architecture": "x86_64"
                }, 
                "AttachStdin": false, 
                "User": "", 
                "Env": [
                    "PATH=/usr/local/sbin:/usr/local/bin:/usr/sbin:/usr/bin:/sbin:/bin", 
                    "container=docker"
                ], 
                "Entrypoint": null, 
                "OnBuild": [], 
                "AttachStderr": false, 
                "AttachStdout": false, 
                "OpenStdin": false
            }, 
            "Author": "", 
            "GraphDriver": {
                "Data": {
                    "DeviceName": "docker-202:2-9234149-1bc575725af349111a31dafe1a9eeb2450830411a1adaeb555e645391f87017f", 
                    "DeviceSize": "10737418240", 
                    "DeviceId": "120"
                }, 
                "Name": "devicemapper"
            }, 
            "VirtualSize": 383513306, 
            "Os": "linux", 
            "Architecture": "amd64", 
            "RootFS": {
                "Layers": [
                    "sha256:94b2db70f7476c98f4c4a1b7a922136e0c5600d2d74905407ad364dcca2bf852", 
                    "sha256:22426f366c51f26105aa9a6c6c9aea9fff0f21b7aabfc97870727577edaa3260", 
                    "sha256:ac5055b4f09d9ea08c57d85a40403f2f43c2f13f8612212c18210bf438c8ceef", 
                    "sha256:b08e173ecdd64e81fe828c920c02f9be4c5ae574e82ac1d12ed2b126e0713db3"
                ], 
                "Type": "layers"
            }, 
            "ContainerConfig": {
                "Tty": false, 
                "Cmd": [
                    "/bin/sh", 
                    "-c", 
                    "#(nop) ADD file:98153f1a217e0426718d3ced96933b4118b9fa86fd7c1b8b72b5136c76152683 in / "
                ], 
                "Volumes": null, 
                "Domainname": "", 
                "WorkingDir": "", 
                "Image": "sha256:acc0f823b0e013825e034c0fa6dc19bad963d5fb8d37d96918d88f3909245d0a", 
                "Hostname": "d205848fa186", 
                "StdinOnce": false, 
                "ArgsEscaped": true, 
                "Labels": {
                    "distribution-scope": "public", 
                    "build-date": "2017-04-20T20:54:02.755607", 
                    "Vendor": "Red Hat, Inc.", 
                    "Name": "rhel7/rhel", 
                    "Build_Host": "rcm-img-docker02.build.eng.bos.redhat.com", 
                    "vcs-type": "git", 
                    "name": "known_good", 
                    "vcs-ref": "08780b7a7779335cf28f64654e43c75ad9341c77", 
                    "release": "104", 
                    "Version": "7.2", 
                    "Architecture": "x86_64", 
                    "version": "20170517", 
                    "Release": "104", 
                    "vendor": "red hat", 
                    "BZComponent": "rhel-server-docker", 
                    "Authoritative_Registry": "registry.access.redhat.com", 
                    "com.redhat.build-host": "rcm-img-docker02.build.eng.bos.redhat.com", 
                    "architecture": "x86_64"
                }, 
                "AttachStdin": false, 
                "User": "", 
                "Env": [
                    "PATH=/usr/local/sbin:/usr/local/bin:/usr/sbin:/usr/bin:/sbin:/bin", 
                    "container=docker"
                ], 
                "Entrypoint": null, 
                "OnBuild": [], 
                "AttachStderr": false, 
                "AttachStdout": false, 
                "OpenStdin": false
            }, 
            "Size": 383513306, 
            "RepoDigests": [
                "registry.rhc4tp.openshift.com/connect-tools/known@sha256:b642c97e6c77ec3489eaa9fbd21ba3448fdd8546b9c83274d71ec57b8ed15ab8"
            ], 
            "Id": "sha256:b098934f10ae831c325e856ab00e5fbcbe89035c7006e039a27e15e6fa937990", 
            "RepoTags": [
                "registry.rhc4tp.openshift.com/connect-tools/known:good"
            ]
        }
    }, 
    "isv_plugin_version": "2017060100", 
    "certification_date": "20170626T13:06:34.662-0400", 
    "Successful": "True", 
    "parsed_data": {
        "layers": [
            "sha256:94b2db70f7476c98f4c4a1b7a922136e0c5600d2d74905407ad364dcca2bf852", 
            "sha256:22426f366c51f26105aa9a6c6c9aea9fff0f21b7aabfc97870727577edaa3260", 
            "sha256:ac5055b4f09d9ea08c57d85a40403f2f43c2f13f8612212c18210bf438c8ceef", 
            "sha256:b08e173ecdd64e81fe828c920c02f9be4c5ae574e82ac1d12ed2b126e0713db3"
        ], 
        "files": [
            {
                "content": "IM\nA\nHELP\nFILE\nYAY", 
                "key": "help", 
                "filename": "/help.1"
            }
        ], 
        "container": "fef89573eed793468133345fd619581eb199429c5486177e90fdb7e4b0dff957", 
        "docker_image_digest": "sha256:b642c97e6c77ec3489eaa9fbd21ba3448fdd8546b9c83274d71ec57b8ed15ab8", 
        "created": "2017-06-26T05:33:31.553163874Z", 
        "repos": [
            {
                "updated": "Sun Jun 25 13:12:59 2017", 
                "name": "Extra Packages for Enterprise Linux 7 - x86_64", 
                "baseurl": "http://s3-mirror-us-east-1.fedoraproject.org/pub/epel/7/x86_64/", 
                "expire": "21600 second(s) (last: Mon Jun 26 12:44:12 2017)", 
                "pkgs": "11846", 
                "id": "epel/x86_64", 
                "size": "12 G"
            }
        ], 
        "labels": [
            {
                "name": "name", 
                "value": "known_good"
            }, 
            {
                "name": "vendor", 
                "value": "red hat"
            }, 
            {
                "name": "version", 
                "value": "20170517"
            }, 
            {
                "name": "release", 
                "value": "104"
            }, 
            {
                "name": "distribution-scope", 
                "value": "public"
            }, 
            {
                "name": "build-date", 
                "value": "2017-04-20T20:54:02.755607"
            }, 
            {
                "name": "Vendor", 
                "value": "Red Hat, Inc."
            }, 
            {
                "name": "Name", 
                "value": "rhel7/rhel"
            }, 
            {
                "name": "Build_Host", 
                "value": "rcm-img-docker02.build.eng.bos.redhat.com"
            }, 
            {
                "name": "vcs-type", 
                "value": "git"
            }, 
            {
                "name": "vcs-ref", 
                "value": "08780b7a7779335cf28f64654e43c75ad9341c77"
            }, 
            {
                "name": "Version", 
                "value": "7.2"
            }, 
            {
                "name": "Architecture", 
                "value": "x86_64"
            }, 
            {
                "name": "Release", 
                "value": "104"
            }, 
            {
                "name": "BZComponent", 
                "value": "rhel-server-docker"
            }, 
            {
                "name": "Authoritative_Registry", 
                "value": "registry.access.redhat.com"
            }, 
            {
                "name": "com.redhat.build-host", 
                "value": "rcm-img-docker02.build.eng.bos.redhat.com"
            }, 
            {
                "name": "architecture", 
                "value": "x86_64"
            }
        ], 
        "env_variables": [
            "PATH=/usr/local/sbin:/usr/local/bin:/usr/sbin:/usr/bin:/sbin:/bin", 
            "container=docker"
        ], 
        "parsed_date": "20170626T13:06:34.662-0400", 
        "repo_tags": [
            "registry.rhc4tp.openshift.com/connect-tools/known:good"
        ], 
        "command": "/bin/bash", 
        "architecture": "amd64", 
        "docker_version": "1.12.5", 
        "licenses": [
            ".bash_logout", 
            ".bash_profile", 
            ".bashrc", 
            ".cshrc", 
            ".tcshrc", 
            "anaconda-ks.cfg", 
            "buildinfo", 
            ".pki"
        ], 
        "rpm_manifest": [
            {
                "name": "acl", 
                "gpg": "199e2f91fd431d51", 
                "srpm_name": "acl", 
                "summary": "Access control list utilities", 
                "srpm_nevra": "acl-0:2.2.51-12.el7.src", 
                "version": "2.2.51", 
                "architecture": "x86_64", 
                "nvra": "acl-2.2.51-12.el7.x86_64", 
                "release": "12.el7"
            }, 
            {
                "name": "audit-libs", 
                "gpg": "199e2f91fd431d51", 
                "srpm_name": "audit", 
                "summary": "Dynamic library for libaudit", 
                "srpm_nevra": "audit-0:2.7.6-1.el7.src", 
                "version": "2.7.6", 
                "architecture": "x86_64", 
                "nvra": "audit-libs-2.7.6-1.el7.x86_64", 
                "release": "1.el7"
            }, 
            {
                "name": "basesystem", 
                "gpg": "199e2f91fd431d51", 
                "srpm_name": "basesystem", 
                "summary": "The skeleton package which defines a simple Red Hat Enterprise Linux system", 
                "srpm_nevra": "basesystem-0:10.0-7.el7.src", 
                "version": "10.0", 
                "architecture": "noarch", 
                "nvra": "basesystem-10.0-7.el7.noarch", 
                "release": "7.el7"
            }, 
            {
                "name": "bash", 
                "gpg": "199e2f91fd431d51", 
                "srpm_name": "bash", 
                "summary": "The GNU Bourne Again shell", 
                "srpm_nevra": "bash-0:4.2.46-28.el7.src", 
                "version": "4.2.46", 
                "architecture": "x86_64", 
                "nvra": "bash-4.2.46-28.el7.x86_64", 
                "release": "28.el7"
            }, 
            {
                "name": "binutils", 
                "gpg": "199e2f91fd431d51", 
                "srpm_name": "binutils", 
                "summary": "A GNU collection of binary utilities", 
                "srpm_nevra": "binutils-0:2.25.1-31.base.el7.src", 
                "version": "2.25.1", 
                "architecture": "x86_64", 
                "nvra": "binutils-2.25.1-31.base.el7.x86_64", 
                "release": "31.base.el7"
            }, 
            {
                "name": "bzip2-libs", 
                "gpg": "199e2f91fd431d51", 
                "srpm_name": "bzip2", 
                "summary": "Libraries for applications using bzip2", 
                "srpm_nevra": "bzip2-0:1.0.6-13.el7.src", 
                "version": "1.0.6", 
                "architecture": "x86_64", 
                "nvra": "bzip2-libs-1.0.6-13.el7.x86_64", 
                "release": "13.el7"
            }, 
            {
                "name": "ca-certificates", 
                "gpg": "199e2f91fd431d51", 
                "srpm_name": "ca-certificates", 
                "summary": "The Mozilla CA root certificate bundle", 
                "srpm_nevra": "ca-certificates-0:2017.2.14-71.el7.src", 
                "version": "2017.2.14", 
                "architecture": "noarch", 
                "nvra": "ca-certificates-2017.2.14-71.el7.noarch", 
                "release": "71.el7"
            }, 
            {
                "name": "chkconfig", 
                "gpg": "199e2f91fd431d51", 
                "srpm_name": "chkconfig", 
                "summary": "A system tool for maintaining the /etc/rc*.d hierarchy", 
                "srpm_nevra": "chkconfig-0:1.7.3-1.el7.src", 
                "version": "1.7.3", 
                "architecture": "x86_64", 
                "nvra": "chkconfig-1.7.3-1.el7.x86_64", 
                "release": "1.el7"
            }, 
            {
                "name": "coreutils", 
                "gpg": "199e2f91fd431d51", 
                "srpm_name": "coreutils", 
                "summary": "A set of basic GNU tools commonly used in shell scripts", 
                "srpm_nevra": "coreutils-0:8.22-18.el7.src", 
                "version": "8.22", 
                "architecture": "x86_64", 
                "nvra": "coreutils-8.22-18.el7.x86_64", 
                "release": "18.el7"
            }, 
            {
                "name": "cpio", 
                "gpg": "199e2f91fd431d51", 
                "srpm_name": "cpio", 
                "summary": "A GNU archiving program", 
                "srpm_nevra": "cpio-0:2.11-24.el7.src", 
                "version": "2.11", 
                "architecture": "x86_64", 
                "nvra": "cpio-2.11-24.el7.x86_64", 
                "release": "24.el7"
            }, 
            {
                "name": "cracklib-dicts", 
                "gpg": "199e2f91fd431d51", 
                "srpm_name": "cracklib", 
                "summary": "The standard CrackLib dictionaries", 
                "srpm_nevra": "cracklib-0:2.9.0-11.el7.src", 
                "version": "2.9.0", 
                "architecture": "x86_64", 
                "nvra": "cracklib-dicts-2.9.0-11.el7.x86_64", 
                "release": "11.el7"
            }, 
            {
                "name": "cracklib", 
                "gpg": "199e2f91fd431d51", 
                "srpm_name": "cracklib", 
                "summary": "A password-checking library", 
                "srpm_nevra": "cracklib-0:2.9.0-11.el7.src", 
                "version": "2.9.0", 
                "architecture": "x86_64", 
                "nvra": "cracklib-2.9.0-11.el7.x86_64", 
                "release": "11.el7"
            }, 
            {
                "name": "cryptsetup-libs", 
                "gpg": "199e2f91fd431d51", 
                "srpm_name": "cryptsetup", 
                "summary": "Cryptsetup shared library", 
                "srpm_nevra": "cryptsetup-0:1.7.4-3.el7.src", 
                "version": "1.7.4", 
                "architecture": "x86_64", 
                "nvra": "cryptsetup-libs-1.7.4-3.el7.x86_64", 
                "release": "3.el7"
            }, 
            {
                "name": "curl", 
                "gpg": "199e2f91fd431d51", 
                "srpm_name": "curl", 
                "summary": "A utility for getting files from remote servers (FTP, HTTP, and others)", 
                "srpm_nevra": "curl-0:7.29.0-42.el7.src", 
                "version": "7.29.0", 
                "architecture": "x86_64", 
                "nvra": "curl-7.29.0-42.el7.x86_64", 
                "release": "42.el7"
            }, 
            {
                "name": "cyrus-sasl-lib", 
                "gpg": "199e2f91fd431d51", 
                "srpm_name": "cyrus-sasl", 
                "summary": "Shared libraries needed by applications which use Cyrus SASL", 
                "srpm_nevra": "cyrus-sasl-0:2.1.26-21.el7.src", 
                "version": "2.1.26", 
                "architecture": "x86_64", 
                "nvra": "cyrus-sasl-lib-2.1.26-21.el7.x86_64", 
                "release": "21.el7"
            }, 
            {
                "name": "dbus-glib", 
                "gpg": "199e2f91fd431d51", 
                "srpm_name": "dbus-glib", 
                "summary": "GLib bindings for D-Bus", 
                "srpm_nevra": "dbus-glib-0:0.100-7.el7.src", 
                "version": "0.100", 
                "architecture": "x86_64", 
                "nvra": "dbus-glib-0.100-7.el7.x86_64", 
                "release": "7.el7"
            }, 
            {
                "name": "dbus-libs", 
                "gpg": "199e2f91fd431d51", 
                "srpm_name": "dbus", 
                "summary": "Libraries for accessing D-BUS", 
                "srpm_nevra": "dbus-1:1.6.12-18.el7.src", 
                "version": "1.6.12", 
                "architecture": "x86_64", 
                "nvra": "dbus-libs-1.6.12-18.el7.x86_64", 
                "release": "18.el7"
            }, 
            {
                "name": "dbus-python", 
                "gpg": "199e2f91fd431d51", 
                "srpm_name": "dbus-python", 
                "summary": "D-Bus Python Bindings", 
                "srpm_nevra": "dbus-python-0:1.1.1-9.el7.src", 
                "version": "1.1.1", 
                "architecture": "x86_64", 
                "nvra": "dbus-python-1.1.1-9.el7.x86_64", 
                "release": "9.el7"
            }, 
            {
                "name": "dbus", 
                "gpg": "199e2f91fd431d51", 
                "srpm_name": "dbus", 
                "summary": "D-BUS message bus", 
                "srpm_nevra": "dbus-1:1.6.12-18.el7.src", 
                "version": "1.6.12", 
                "architecture": "x86_64", 
                "nvra": "dbus-1.6.12-18.el7.x86_64", 
                "release": "18.el7"
            }, 
            {
                "name": "device-mapper-libs", 
                "gpg": "199e2f91fd431d51", 
                "srpm_name": "lvm2", 
                "summary": "Device-mapper shared library", 
                "srpm_nevra": "lvm2-7:2.02.171-2.el7.src", 
                "version": "1.02.140", 
                "architecture": "x86_64", 
                "nvra": "device-mapper-libs-1.02.140-2.el7.x86_64", 
                "release": "2.el7"
            }, 
            {
                "name": "device-mapper", 
                "gpg": "199e2f91fd431d51", 
                "srpm_name": "lvm2", 
                "summary": "Device mapper utility", 
                "srpm_nevra": "lvm2-7:2.02.171-2.el7.src", 
                "version": "1.02.140", 
                "architecture": "x86_64", 
                "nvra": "device-mapper-1.02.140-2.el7.x86_64", 
                "release": "2.el7"
            }, 
            {
                "name": "diffutils", 
                "gpg": "199e2f91fd431d51", 
                "srpm_name": "diffutils", 
                "summary": "A GNU collection of diff utilities", 
                "srpm_nevra": "diffutils-0:3.3-4.el7.src", 
                "version": "3.3", 
                "architecture": "x86_64", 
                "nvra": "diffutils-3.3-4.el7.x86_64", 
                "release": "4.el7"
            }, 
            {
                "name": "dmidecode", 
                "gpg": "199e2f91fd431d51", 
                "srpm_name": "dmidecode", 
                "summary": "Tool to analyse BIOS DMI data", 
                "srpm_nevra": "dmidecode-1:3.0-5.el7.src", 
                "version": "3.0", 
                "architecture": "x86_64", 
                "nvra": "dmidecode-3.0-5.el7.x86_64", 
                "release": "5.el7"
            }, 
            {
                "name": "dracut", 
                "gpg": "199e2f91fd431d51", 
                "srpm_name": "dracut", 
                "summary": "Initramfs generator using udev", 
                "srpm_nevra": "dracut-0:033-496.el7.src", 
                "version": "033", 
                "architecture": "x86_64", 
                "nvra": "dracut-033-496.el7.x86_64", 
                "release": "496.el7"
            }, 
            {
                "name": "elfutils-libelf", 
                "gpg": "199e2f91fd431d51", 
                "srpm_name": "elfutils", 
                "summary": "Library to read and write ELF files", 
                "srpm_nevra": "elfutils-0:0.168-6.el7.src", 
                "version": "0.168", 
                "architecture": "x86_64", 
                "nvra": "elfutils-libelf-0.168-6.el7.x86_64", 
                "release": "6.el7"
            }, 
            {
                "name": "elfutils-libs", 
                "gpg": "199e2f91fd431d51", 
                "srpm_name": "elfutils", 
                "summary": "Libraries to handle compiled objects", 
                "srpm_nevra": "elfutils-0:0.168-6.el7.src", 
                "version": "0.168", 
                "architecture": "x86_64", 
                "nvra": "elfutils-libs-0.168-6.el7.x86_64", 
                "release": "6.el7"
            }, 
            {
                "name": "expat", 
                "gpg": "199e2f91fd431d51", 
                "srpm_name": "expat", 
                "summary": "An XML parser library", 
                "srpm_nevra": "expat-0:2.1.0-10.el7_3.src", 
                "version": "2.1.0", 
                "architecture": "x86_64", 
                "nvra": "expat-2.1.0-10.el7_3.x86_64", 
                "release": "10.el7_3"
            }, 
            {
                "name": "file-libs", 
                "gpg": "199e2f91fd431d51", 
                "srpm_name": "file", 
                "summary": "Libraries for applications using libmagic", 
                "srpm_nevra": "file-0:5.11-33.el7.src", 
                "version": "5.11", 
                "architecture": "x86_64", 
                "nvra": "file-libs-5.11-33.el7.x86_64", 
                "release": "33.el7"
            }, 
            {
                "name": "filesystem", 
                "gpg": "199e2f91fd431d51", 
                "srpm_name": "filesystem", 
                "summary": "The basic directory layout for a Linux system", 
                "srpm_nevra": "filesystem-0:3.2-21.el7.src", 
                "version": "3.2", 
                "architecture": "x86_64", 
                "nvra": "filesystem-3.2-21.el7.x86_64", 
                "release": "21.el7"
            }, 
            {
                "name": "findutils", 
                "gpg": "199e2f91fd431d51", 
                "srpm_name": "findutils", 
                "summary": "The GNU versions of find utilities (find and xargs)", 
                "srpm_nevra": "findutils-1:4.5.11-5.el7.src", 
                "version": "4.5.11", 
                "architecture": "x86_64", 
                "nvra": "findutils-4.5.11-5.el7.x86_64", 
                "release": "5.el7"
            }, 
            {
                "name": "gawk", 
                "gpg": "199e2f91fd431d51", 
                "srpm_name": "gawk", 
                "summary": "The GNU version of the awk text processing utility", 
                "srpm_nevra": "gawk-0:4.0.2-4.el7.src", 
                "version": "4.0.2", 
                "architecture": "x86_64", 
                "nvra": "gawk-4.0.2-4.el7.x86_64", 
                "release": "4.el7"
            }, 
            {
                "name": "gdb-gdbserver", 
                "gpg": "199e2f91fd431d51", 
                "srpm_name": "gdb", 
                "summary": "A standalone server for GDB (the GNU source-level debugger)", 
                "srpm_nevra": "gdb-0:7.6.1-99.el7.src", 
                "version": "7.6.1", 
                "architecture": "x86_64", 
                "nvra": "gdb-gdbserver-7.6.1-99.el7.x86_64", 
                "release": "99.el7"
            }, 
            {
                "name": "gdbm", 
                "gpg": "199e2f91fd431d51", 
                "srpm_name": "gdbm", 
                "summary": "A GNU set of database routines which use extensible hashing", 
                "srpm_nevra": "gdbm-0:1.10-8.el7.src", 
                "version": "1.10", 
                "architecture": "x86_64", 
                "nvra": "gdbm-1.10-8.el7.x86_64", 
                "release": "8.el7"
            }, 
            {
                "name": "glib2", 
                "gpg": "199e2f91fd431d51", 
                "srpm_name": "glib2", 
                "summary": "A library of handy utility functions", 
                "srpm_nevra": "glib2-0:2.50.3-2.el7.src", 
                "version": "2.50.3", 
                "architecture": "x86_64", 
                "nvra": "glib2-2.50.3-2.el7.x86_64", 
                "release": "2.el7"
            }, 
            {
                "name": "glibc-common", 
                "gpg": "199e2f91fd431d51", 
                "srpm_name": "glibc", 
                "summary": "Common binaries and locale data for glibc", 
                "srpm_nevra": "glibc-0:2.17-194.el7.src", 
                "version": "2.17", 
                "architecture": "x86_64", 
                "nvra": "glibc-common-2.17-194.el7.x86_64", 
                "release": "194.el7"
            }, 
            {
                "name": "glibc", 
                "gpg": "199e2f91fd431d51", 
                "srpm_name": "glibc", 
                "summary": "The GNU libc libraries", 
                "srpm_nevra": "glibc-0:2.17-194.el7.src", 
                "version": "2.17", 
                "architecture": "x86_64", 
                "nvra": "glibc-2.17-194.el7.x86_64", 
                "release": "194.el7"
            }, 
            {
                "name": "gmp", 
                "gpg": "199e2f91fd431d51", 
                "srpm_name": "gmp", 
                "summary": "A GNU arbitrary precision library", 
                "srpm_nevra": "gmp-1:6.0.0-15.el7.src", 
                "version": "6.0.0", 
                "architecture": "x86_64", 
                "nvra": "gmp-6.0.0-15.el7.x86_64", 
                "release": "15.el7"
            }, 
            {
                "name": "gnupg2", 
                "gpg": "199e2f91fd431d51", 
                "srpm_name": "gnupg2", 
                "summary": "Utility for secure communication and data storage", 
                "srpm_nevra": "gnupg2-0:2.0.22-4.el7.src", 
                "version": "2.0.22", 
                "architecture": "x86_64", 
                "nvra": "gnupg2-2.0.22-4.el7.x86_64", 
                "release": "4.el7"
            }, 
            {
                "name": "gobject-introspection", 
                "gpg": "199e2f91fd431d51", 
                "srpm_name": "gobject-introspection", 
                "summary": "Introspection system for GObject-based libraries", 
                "srpm_nevra": "gobject-introspection-0:1.50.0-1.el7.src", 
                "version": "1.50.0", 
                "architecture": "x86_64", 
                "nvra": "gobject-introspection-1.50.0-1.el7.x86_64", 
                "release": "1.el7"
            }, 
            {
                "name": "gpgme", 
                "gpg": "199e2f91fd431d51", 
                "srpm_name": "gpgme", 
                "summary": "GnuPG Made Easy - high level crypto API", 
                "srpm_nevra": "gpgme-0:1.3.2-5.el7.src", 
                "version": "1.3.2", 
                "architecture": "x86_64", 
                "nvra": "gpgme-1.3.2-5.el7.x86_64", 
                "release": "5.el7"
            }, 
            {
                "name": "grep", 
                "gpg": "199e2f91fd431d51", 
                "srpm_name": "grep", 
                "summary": "Pattern matching utilities", 
                "srpm_nevra": "grep-0:2.20-3.el7.src", 
                "version": "2.20", 
                "architecture": "x86_64", 
                "nvra": "grep-2.20-3.el7.x86_64", 
                "release": "3.el7"
            }, 
            {
                "name": "gzip", 
                "gpg": "199e2f91fd431d51", 
                "srpm_name": "gzip", 
                "summary": "The GNU data compression program", 
                "srpm_nevra": "gzip-0:1.5-9.el7.src", 
                "version": "1.5", 
                "architecture": "x86_64", 
                "nvra": "gzip-1.5-9.el7.x86_64", 
                "release": "9.el7"
            }, 
            {
                "name": "hardlink", 
                "gpg": "199e2f91fd431d51", 
                "srpm_name": "hardlink", 
                "summary": "Create a tree of hardlinks", 
                "srpm_nevra": "hardlink-1:1.0-19.el7.src", 
                "version": "1.0", 
                "architecture": "x86_64", 
                "nvra": "hardlink-1.0-19.el7.x86_64", 
                "release": "19.el7"
            }, 
            {
                "name": "info", 
                "gpg": "199e2f91fd431d51", 
                "srpm_name": "texinfo", 
                "summary": "A stand-alone TTY-based reader for GNU texinfo documentation", 
                "srpm_nevra": "texinfo-0:5.1-4.el7.src", 
                "version": "5.1", 
                "architecture": "x86_64", 
                "nvra": "info-5.1-4.el7.x86_64", 
                "release": "4.el7"
            }, 
            {
                "name": "keyutils-libs", 
                "gpg": "199e2f91fd431d51", 
                "srpm_name": "keyutils", 
                "summary": "Key utilities library", 
                "srpm_nevra": "keyutils-0:1.5.8-3.el7.src", 
                "version": "1.5.8", 
                "architecture": "x86_64", 
                "nvra": "keyutils-libs-1.5.8-3.el7.x86_64", 
                "release": "3.el7"
            }, 
            {
                "name": "kmod-libs", 
                "gpg": "199e2f91fd431d51", 
                "srpm_name": "kmod", 
                "summary": "Libraries to handle kernel module loading and unloading", 
                "srpm_nevra": "kmod-0:20-15.el7.src", 
                "version": "20", 
                "architecture": "x86_64", 
                "nvra": "kmod-libs-20-15.el7.x86_64", 
                "release": "15.el7"
            }, 
            {
                "name": "kmod", 
                "gpg": "199e2f91fd431d51", 
                "srpm_name": "kmod", 
                "summary": "Linux kernel module management utilities", 
                "srpm_nevra": "kmod-0:20-15.el7.src", 
                "version": "20", 
                "architecture": "x86_64", 
                "nvra": "kmod-20-15.el7.x86_64", 
                "release": "15.el7"
            }, 
            {
                "name": "kpartx", 
                "gpg": "199e2f91fd431d51", 
                "srpm_name": "device-mapper-multipath", 
                "summary": "Partition device manager for device-mapper devices", 
                "srpm_nevra": "device-mapper-multipath-0:0.4.9-111.el7.src", 
                "version": "0.4.9", 
                "architecture": "x86_64", 
                "nvra": "kpartx-0.4.9-111.el7.x86_64", 
                "release": "111.el7"
            }, 
            {
                "name": "krb5-libs", 
                "gpg": "199e2f91fd431d51", 
                "srpm_name": "krb5", 
                "summary": "The non-admin shared libraries used by Kerberos 5", 
                "srpm_nevra": "krb5-0:1.15.1-8.el7.src", 
                "version": "1.15.1", 
                "architecture": "x86_64", 
                "nvra": "krb5-libs-1.15.1-8.el7.x86_64", 
                "release": "8.el7"
            }, 
            {
                "name": "libacl", 
                "gpg": "199e2f91fd431d51", 
                "srpm_name": "acl", 
                "summary": "Dynamic library for access control list support", 
                "srpm_nevra": "acl-0:2.2.51-12.el7.src", 
                "version": "2.2.51", 
                "architecture": "x86_64", 
                "nvra": "libacl-2.2.51-12.el7.x86_64", 
                "release": "12.el7"
            }, 
            {
                "name": "libassuan", 
                "gpg": "199e2f91fd431d51", 
                "srpm_name": "libassuan", 
                "summary": "GnuPG IPC library", 
                "srpm_nevra": "libassuan-0:2.1.0-3.el7.src", 
                "version": "2.1.0", 
                "architecture": "x86_64", 
                "nvra": "libassuan-2.1.0-3.el7.x86_64", 
                "release": "3.el7"
            }, 
            {
                "name": "libattr", 
                "gpg": "199e2f91fd431d51", 
                "srpm_name": "attr", 
                "summary": "Dynamic library for extended attribute support", 
                "srpm_nevra": "attr-0:2.4.46-12.el7.src", 
                "version": "2.4.46", 
                "architecture": "x86_64", 
                "nvra": "libattr-2.4.46-12.el7.x86_64", 
                "release": "12.el7"
            }, 
            {
                "name": "libblkid", 
                "gpg": "199e2f91fd431d51", 
                "srpm_name": "util-linux", 
                "summary": "Block device ID library", 
                "srpm_nevra": "util-linux-0:2.23.2-41.el7.src", 
                "version": "2.23.2", 
                "architecture": "x86_64", 
                "nvra": "libblkid-2.23.2-41.el7.x86_64", 
                "release": "41.el7"
            }, 
            {
                "name": "libcap-ng", 
                "gpg": "199e2f91fd431d51", 
                "srpm_name": "libcap-ng", 
                "summary": "An alternate posix capabilities library", 
                "srpm_nevra": "libcap-ng-0:0.7.5-4.el7.src", 
                "version": "0.7.5", 
                "architecture": "x86_64", 
                "nvra": "libcap-ng-0.7.5-4.el7.x86_64", 
                "release": "4.el7"
            }, 
            {
                "name": "libcap", 
                "gpg": "199e2f91fd431d51", 
                "srpm_name": "libcap", 
                "summary": "Library for getting and setting POSIX.1e capabilities", 
                "srpm_nevra": "libcap-0:2.22-9.el7.src", 
                "version": "2.22", 
                "architecture": "x86_64", 
                "nvra": "libcap-2.22-9.el7.x86_64", 
                "release": "9.el7"
            }, 
            {
                "name": "libcom_err", 
                "gpg": "199e2f91fd431d51", 
                "srpm_name": "e2fsprogs", 
                "summary": "Common error description library", 
                "srpm_nevra": "e2fsprogs-0:1.42.9-10.el7.src", 
                "version": "1.42.9", 
                "architecture": "x86_64", 
                "nvra": "libcom_err-1.42.9-10.el7.x86_64", 
                "release": "10.el7"
            }, 
            {
                "name": "libcurl", 
                "gpg": "199e2f91fd431d51", 
                "srpm_name": "curl", 
                "summary": "A library for getting files from web servers", 
                "srpm_nevra": "curl-0:7.29.0-42.el7.src", 
                "version": "7.29.0", 
                "architecture": "x86_64", 
                "nvra": "libcurl-7.29.0-42.el7.x86_64", 
                "release": "42.el7"
            }, 
            {
                "name": "libdb-utils", 
                "gpg": "199e2f91fd431d51", 
                "srpm_name": "libdb", 
                "summary": "Command line tools for managing Berkeley DB databases", 
                "srpm_nevra": "libdb-0:5.3.21-20.el7.src", 
                "version": "5.3.21", 
                "architecture": "x86_64", 
                "nvra": "libdb-utils-5.3.21-20.el7.x86_64", 
                "release": "20.el7"
            }, 
            {
                "name": "libdb", 
                "gpg": "199e2f91fd431d51", 
                "srpm_name": "libdb", 
                "summary": "The Berkeley DB database library for C", 
                "srpm_nevra": "libdb-0:5.3.21-20.el7.src", 
                "version": "5.3.21", 
                "architecture": "x86_64", 
                "nvra": "libdb-5.3.21-20.el7.x86_64", 
                "release": "20.el7"
            }, 
            {
                "name": "libffi", 
                "gpg": "199e2f91fd431d51", 
                "srpm_name": "libffi", 
                "summary": "A portable foreign function interface library", 
                "srpm_nevra": "libffi-0:3.0.13-18.el7.src", 
                "version": "3.0.13", 
                "architecture": "x86_64", 
                "nvra": "libffi-3.0.13-18.el7.x86_64", 
                "release": "18.el7"
            }, 
            {
                "name": "libgcc", 
                "gpg": "199e2f91fd431d51", 
                "srpm_name": "gcc", 
                "summary": "GCC version 4.8 shared support library", 
                "srpm_nevra": "gcc-0:4.8.5-14.el7.src", 
                "version": "4.8.5", 
                "architecture": "x86_64", 
                "nvra": "libgcc-4.8.5-14.el7.x86_64", 
                "release": "14.el7"
            }, 
            {
                "name": "libgcrypt", 
                "gpg": "199e2f91fd431d51", 
                "srpm_name": "libgcrypt", 
                "summary": "A general-purpose cryptography library", 
                "srpm_nevra": "libgcrypt-0:1.5.3-14.el7.src", 
                "version": "1.5.3", 
                "architecture": "x86_64", 
                "nvra": "libgcrypt-1.5.3-14.el7.x86_64", 
                "release": "14.el7"
            }, 
            {
                "name": "libgpg-error", 
                "gpg": "199e2f91fd431d51", 
                "srpm_name": "libgpg-error", 
                "summary": "Library for error values used by GnuPG components", 
                "srpm_nevra": "libgpg-error-0:1.12-3.el7.src", 
                "version": "1.12", 
                "architecture": "x86_64", 
                "nvra": "libgpg-error-1.12-3.el7.x86_64", 
                "release": "3.el7"
            }, 
            {
                "name": "libidn", 
                "gpg": "199e2f91fd431d51", 
                "srpm_name": "libidn", 
                "summary": "Internationalized Domain Name support library", 
                "srpm_nevra": "libidn-0:1.28-4.el7.src", 
                "version": "1.28", 
                "architecture": "x86_64", 
                "nvra": "libidn-1.28-4.el7.x86_64", 
                "release": "4.el7"
            }, 
            {
                "name": "libmount", 
                "gpg": "199e2f91fd431d51", 
                "srpm_name": "util-linux", 
                "summary": "Device mounting library", 
                "srpm_nevra": "util-linux-0:2.23.2-41.el7.src", 
                "version": "2.23.2", 
                "architecture": "x86_64", 
                "nvra": "libmount-2.23.2-41.el7.x86_64", 
                "release": "41.el7"
            }, 
            {
                "name": "libnl", 
                "gpg": "199e2f91fd431d51", 
                "srpm_name": "libnl", 
                "summary": "Convenience library for kernel netlink sockets", 
                "srpm_nevra": "libnl-0:1.1.4-3.el7.src", 
                "version": "1.1.4", 
                "architecture": "x86_64", 
                "nvra": "libnl-1.1.4-3.el7.x86_64", 
                "release": "3.el7"
            }, 
            {
                "name": "libpwquality", 
                "gpg": "199e2f91fd431d51", 
                "srpm_name": "libpwquality", 
                "summary": "A library for password generation and password quality checking", 
                "srpm_nevra": "libpwquality-0:1.2.3-4.el7.src", 
                "version": "1.2.3", 
                "architecture": "x86_64", 
                "nvra": "libpwquality-1.2.3-4.el7.x86_64", 
                "release": "4.el7"
            }, 
            {
                "name": "libselinux", 
                "gpg": "199e2f91fd431d51", 
                "srpm_name": "libselinux", 
                "summary": "SELinux library and simple utilities", 
                "srpm_nevra": "libselinux-0:2.5-11.el7.src", 
                "version": "2.5", 
                "architecture": "x86_64", 
                "nvra": "libselinux-2.5-11.el7.x86_64", 
                "release": "11.el7"
            }, 
            {
                "name": "libsemanage", 
                "gpg": "199e2f91fd431d51", 
                "srpm_name": "libsemanage", 
                "summary": "SELinux binary policy manipulation library", 
                "srpm_nevra": "libsemanage-0:2.5-8.el7.src", 
                "version": "2.5", 
                "architecture": "x86_64", 
                "nvra": "libsemanage-2.5-8.el7.x86_64", 
                "release": "8.el7"
            }, 
            {
                "name": "libsepol", 
                "gpg": "199e2f91fd431d51", 
                "srpm_name": "libsepol", 
                "summary": "SELinux binary policy manipulation library", 
                "srpm_nevra": "libsepol-0:2.5-6.el7.src", 
                "version": "2.5", 
                "architecture": "x86_64", 
                "nvra": "libsepol-2.5-6.el7.x86_64", 
                "release": "6.el7"
            }, 
            {
                "name": "libssh2", 
                "gpg": "199e2f91fd431d51", 
                "srpm_name": "libssh2", 
                "summary": "A library implementing the SSH2 protocol", 
                "srpm_nevra": "libssh2-0:1.4.3-10.el7_2.1.src", 
                "version": "1.4.3", 
                "architecture": "x86_64", 
                "nvra": "libssh2-1.4.3-10.el7_2.1.x86_64", 
                "release": "10.el7_2.1"
            }, 
            {
                "name": "libstdc++", 
                "gpg": "199e2f91fd431d51", 
                "srpm_name": "gcc", 
                "summary": "GNU Standard C++ Library", 
                "srpm_nevra": "gcc-0:4.8.5-14.el7.src", 
                "version": "4.8.5", 
                "architecture": "x86_64", 
                "nvra": "libstdc++-4.8.5-14.el7.x86_64", 
                "release": "14.el7"
            }, 
            {
                "name": "libtasn1", 
                "gpg": "199e2f91fd431d51", 
                "srpm_name": "libtasn1", 
                "summary": "The ASN.1 library used in GNUTLS", 
                "srpm_nevra": "libtasn1-0:4.10-1.el7.src", 
                "version": "4.10", 
                "architecture": "x86_64", 
                "nvra": "libtasn1-4.10-1.el7.x86_64", 
                "release": "1.el7"
            }, 
            {
                "name": "libuser", 
                "gpg": "199e2f91fd431d51", 
                "srpm_name": "libuser", 
                "summary": "A user and group account administration library", 
                "srpm_nevra": "libuser-0:0.60-7.el7_1.src", 
                "version": "0.60", 
                "architecture": "x86_64", 
                "nvra": "libuser-0.60-7.el7_1.x86_64", 
                "release": "7.el7_1"
            }, 
            {
                "name": "libutempter", 
                "gpg": "199e2f91fd431d51", 
                "srpm_name": "libutempter", 
                "summary": "A privileged helper for utmp/wtmp updates", 
                "srpm_nevra": "libutempter-0:1.1.6-4.el7.src", 
                "version": "1.1.6", 
                "architecture": "x86_64", 
                "nvra": "libutempter-1.1.6-4.el7.x86_64", 
                "release": "4.el7"
            }, 
            {
                "name": "libuuid", 
                "gpg": "199e2f91fd431d51", 
                "srpm_name": "util-linux", 
                "summary": "Universally unique ID library", 
                "srpm_nevra": "util-linux-0:2.23.2-41.el7.src", 
                "version": "2.23.2", 
                "architecture": "x86_64", 
                "nvra": "libuuid-2.23.2-41.el7.x86_64", 
                "release": "41.el7"
            }, 
            {
                "name": "libverto", 
                "gpg": "199e2f91fd431d51", 
                "srpm_name": "libverto", 
                "summary": "Main loop abstraction library", 
                "srpm_nevra": "libverto-0:0.2.5-4.el7.src", 
                "version": "0.2.5", 
                "architecture": "x86_64", 
                "nvra": "libverto-0.2.5-4.el7.x86_64", 
                "release": "4.el7"
            }, 
            {
                "name": "libxml2-python", 
                "gpg": "199e2f91fd431d51", 
                "srpm_name": "libxml2", 
                "summary": "Python bindings for the libxml2 library", 
                "srpm_nevra": "libxml2-0:2.9.1-6.el7_2.3.src", 
                "version": "2.9.1", 
                "architecture": "x86_64", 
                "nvra": "libxml2-python-2.9.1-6.el7_2.3.x86_64", 
                "release": "6.el7_2.3"
            }, 
            {
                "name": "libxml2", 
                "gpg": "199e2f91fd431d51", 
                "srpm_name": "libxml2", 
                "summary": "Library providing XML and HTML support", 
                "srpm_nevra": "libxml2-0:2.9.1-6.el7_2.3.src", 
                "version": "2.9.1", 
                "architecture": "x86_64", 
                "nvra": "libxml2-2.9.1-6.el7_2.3.x86_64", 
                "release": "6.el7_2.3"
            }, 
            {
                "name": "lua", 
                "gpg": "199e2f91fd431d51", 
                "srpm_name": "lua", 
                "summary": "Powerful light-weight programming language", 
                "srpm_nevra": "lua-0:5.1.4-15.el7.src", 
                "version": "5.1.4", 
                "architecture": "x86_64", 
                "nvra": "lua-5.1.4-15.el7.x86_64", 
                "release": "15.el7"
            }, 
            {
                "name": "m2crypto", 
                "gpg": "199e2f91fd431d51", 
                "srpm_name": "m2crypto", 
                "summary": "Support for using OpenSSL in python scripts", 
                "srpm_nevra": "m2crypto-0:0.21.1-17.el7.src", 
                "version": "0.21.1", 
                "architecture": "x86_64", 
                "nvra": "m2crypto-0.21.1-17.el7.x86_64", 
                "release": "17.el7"
            }, 
            {
                "name": "ncurses-base", 
                "gpg": "199e2f91fd431d51", 
                "srpm_name": "ncurses", 
                "summary": "Descriptions of common terminals", 
                "srpm_nevra": "ncurses-0:5.9-13.20130511.el7.src", 
                "version": "5.9", 
                "architecture": "noarch", 
                "nvra": "ncurses-base-5.9-13.20130511.el7.noarch", 
                "release": "13.20130511.el7"
            }, 
            {
                "name": "ncurses-libs", 
                "gpg": "199e2f91fd431d51", 
                "srpm_name": "ncurses", 
                "summary": "Ncurses libraries", 
                "srpm_nevra": "ncurses-0:5.9-13.20130511.el7.src", 
                "version": "5.9", 
                "architecture": "x86_64", 
                "nvra": "ncurses-libs-5.9-13.20130511.el7.x86_64", 
                "release": "13.20130511.el7"
            }, 
            {
                "name": "ncurses", 
                "gpg": "199e2f91fd431d51", 
                "srpm_name": "ncurses", 
                "summary": "Ncurses support utilities", 
                "srpm_nevra": "ncurses-0:5.9-13.20130511.el7.src", 
                "version": "5.9", 
                "architecture": "x86_64", 
                "nvra": "ncurses-5.9-13.20130511.el7.x86_64", 
                "release": "13.20130511.el7"
            }, 
            {
                "name": "nspr", 
                "gpg": "199e2f91fd431d51", 
                "srpm_name": "nspr", 
                "summary": "Netscape Portable Runtime", 
                "srpm_nevra": "nspr-0:4.13.1-1.0.el7_3.src", 
                "version": "4.13.1", 
                "architecture": "x86_64", 
                "nvra": "nspr-4.13.1-1.0.el7_3.x86_64", 
                "release": "1.0.el7_3"
            }, 
            {
                "name": "nss-pem", 
                "gpg": "199e2f91fd431d51", 
                "srpm_name": "nss-pem", 
                "summary": "PEM file reader for Network Security Services (NSS)", 
                "srpm_nevra": "nss-pem-0:1.0.3-4.el7.src", 
                "version": "1.0.3", 
                "architecture": "x86_64", 
                "nvra": "nss-pem-1.0.3-4.el7.x86_64", 
                "release": "4.el7"
            }, 
            {
                "name": "nss-softokn-freebl", 
                "gpg": "199e2f91fd431d51", 
                "srpm_name": "nss-softokn", 
                "summary": "Freebl library for the Network Security Services", 
                "srpm_nevra": "nss-softokn-0:3.28.3-5.el7.src", 
                "version": "3.28.3", 
                "architecture": "x86_64", 
                "nvra": "nss-softokn-freebl-3.28.3-5.el7.x86_64", 
                "release": "5.el7"
            }, 
            {
                "name": "nss-softokn", 
                "gpg": "199e2f91fd431d51", 
                "srpm_name": "nss-softokn", 
                "summary": "Network Security Services Softoken Module", 
                "srpm_nevra": "nss-softokn-0:3.28.3-5.el7.src", 
                "version": "3.28.3", 
                "architecture": "x86_64", 
                "nvra": "nss-softokn-3.28.3-5.el7.x86_64", 
                "release": "5.el7"
            }, 
            {
                "name": "nss-sysinit", 
                "gpg": "199e2f91fd431d51", 
                "srpm_name": "nss", 
                "summary": "System NSS Initialization", 
                "srpm_nevra": "nss-0:3.28.4-8.el7.src", 
                "version": "3.28.4", 
                "architecture": "x86_64", 
                "nvra": "nss-sysinit-3.28.4-8.el7.x86_64", 
                "release": "8.el7"
            }, 
            {
                "name": "nss-tools", 
                "gpg": "199e2f91fd431d51", 
                "srpm_name": "nss", 
                "summary": "Tools for the Network Security Services", 
                "srpm_nevra": "nss-0:3.28.4-8.el7.src", 
                "version": "3.28.4", 
                "architecture": "x86_64", 
                "nvra": "nss-tools-3.28.4-8.el7.x86_64", 
                "release": "8.el7"
            }, 
            {
                "name": "nss-util", 
                "gpg": "199e2f91fd431d51", 
                "srpm_name": "nss-util", 
                "summary": "Network Security Services Utilities Library", 
                "srpm_nevra": "nss-util-0:3.28.4-3.el7.src", 
                "version": "3.28.4", 
                "architecture": "x86_64", 
                "nvra": "nss-util-3.28.4-3.el7.x86_64", 
                "release": "3.el7"
            }, 
            {
                "name": "nss", 
                "gpg": "199e2f91fd431d51", 
                "srpm_name": "nss", 
                "summary": "Network Security Services", 
                "srpm_nevra": "nss-0:3.28.4-8.el7.src", 
                "version": "3.28.4", 
                "architecture": "x86_64", 
                "nvra": "nss-3.28.4-8.el7.x86_64", 
                "release": "8.el7"
            }, 
            {
                "name": "openldap", 
                "gpg": "199e2f91fd431d51", 
                "srpm_name": "openldap", 
                "summary": "LDAP support libraries", 
                "srpm_nevra": "openldap-0:2.4.44-4.el7.src", 
                "version": "2.4.44", 
                "architecture": "x86_64", 
                "nvra": "openldap-2.4.44-4.el7.x86_64", 
                "release": "4.el7"
            }, 
            {
                "name": "openssl-libs", 
                "gpg": "199e2f91fd431d51", 
                "srpm_name": "openssl", 
                "summary": "A general purpose cryptography library with TLS implementation", 
                "srpm_nevra": "openssl-1:1.0.2k-8.el7.src", 
                "version": "1.0.2k", 
                "architecture": "x86_64", 
                "nvra": "openssl-libs-1.0.2k-8.el7.x86_64", 
                "release": "8.el7"
            }, 
            {
                "name": "p11-kit-trust", 
                "gpg": "199e2f91fd431d51", 
                "srpm_name": "p11-kit", 
                "summary": "System trust module from p11-kit", 
                "srpm_nevra": "p11-kit-0:0.23.5-2.el7.src", 
                "version": "0.23.5", 
                "architecture": "x86_64", 
                "nvra": "p11-kit-trust-0.23.5-2.el7.x86_64", 
                "release": "2.el7"
            }, 
            {
                "name": "p11-kit", 
                "gpg": "199e2f91fd431d51", 
                "srpm_name": "p11-kit", 
                "summary": "Library for loading and sharing PKCS#11 modules", 
                "srpm_nevra": "p11-kit-0:0.23.5-2.el7.src", 
                "version": "0.23.5", 
                "architecture": "x86_64", 
                "nvra": "p11-kit-0.23.5-2.el7.x86_64", 
                "release": "2.el7"
            }, 
            {
                "name": "pam", 
                "gpg": "199e2f91fd431d51", 
                "srpm_name": "pam", 
                "summary": "An extensible library which provides authentication for applications", 
                "srpm_nevra": "pam-0:1.1.8-18.el7.src", 
                "version": "1.1.8", 
                "architecture": "x86_64", 
                "nvra": "pam-1.1.8-18.el7.x86_64", 
                "release": "18.el7"
            }, 
            {
                "name": "passwd", 
                "gpg": "199e2f91fd431d51", 
                "srpm_name": "passwd", 
                "summary": "An utility for setting or changing passwords using PAM", 
                "srpm_nevra": "passwd-0:0.79-4.el7.src", 
                "version": "0.79", 
                "architecture": "x86_64", 
                "nvra": "passwd-0.79-4.el7.x86_64", 
                "release": "4.el7"
            }, 
            {
                "name": "pcre", 
                "gpg": "199e2f91fd431d51", 
                "srpm_name": "pcre", 
                "summary": "Perl-compatible regular expression library", 
                "srpm_nevra": "pcre-0:8.32-17.el7.src", 
                "version": "8.32", 
                "architecture": "x86_64", 
                "nvra": "pcre-8.32-17.el7.x86_64", 
                "release": "17.el7"
            }, 
            {
                "name": "pinentry", 
                "gpg": "199e2f91fd431d51", 
                "srpm_name": "pinentry", 
                "summary": "Collection of simple PIN or passphrase entry dialogs", 
                "srpm_nevra": "pinentry-0:0.8.1-17.el7.src", 
                "version": "0.8.1", 
                "architecture": "x86_64", 
                "nvra": "pinentry-0.8.1-17.el7.x86_64", 
                "release": "17.el7"
            }, 
            {
                "name": "pkgconfig", 
                "gpg": "199e2f91fd431d51", 
                "srpm_name": "pkgconfig", 
                "summary": "A tool for determining compilation options", 
                "srpm_nevra": "pkgconfig-1:0.27.1-4.el7.src", 
                "version": "0.27.1", 
                "architecture": "x86_64", 
                "nvra": "pkgconfig-0.27.1-4.el7.x86_64", 
                "release": "4.el7"
            }, 
            {
                "name": "popt", 
                "gpg": "199e2f91fd431d51", 
                "srpm_name": "popt", 
                "summary": "C library for parsing command line parameters", 
                "srpm_nevra": "popt-0:1.13-16.el7.src", 
                "version": "1.13", 
                "architecture": "x86_64", 
                "nvra": "popt-1.13-16.el7.x86_64", 
                "release": "16.el7"
            }, 
            {
                "name": "procps-ng", 
                "gpg": "199e2f91fd431d51", 
                "srpm_name": "procps-ng", 
                "summary": "System and process monitoring utilities", 
                "srpm_nevra": "procps-ng-0:3.3.10-15.el7.src", 
                "version": "3.3.10", 
                "architecture": "x86_64", 
                "nvra": "procps-ng-3.3.10-15.el7.x86_64", 
                "release": "15.el7"
            }, 
            {
                "name": "pth", 
                "gpg": "199e2f91fd431d51", 
                "srpm_name": "pth", 
                "summary": "The GNU Portable Threads library", 
                "srpm_nevra": "pth-0:2.0.7-23.el7.src", 
                "version": "2.0.7", 
                "architecture": "x86_64", 
                "nvra": "pth-2.0.7-23.el7.x86_64", 
                "release": "23.el7"
            }, 
            {
                "name": "pygpgme", 
                "gpg": "199e2f91fd431d51", 
                "srpm_name": "pygpgme", 
                "summary": "Python module for working with OpenPGP messages", 
                "srpm_nevra": "pygpgme-0:0.3-9.el7.src", 
                "version": "0.3", 
                "architecture": "x86_64", 
                "nvra": "pygpgme-0.3-9.el7.x86_64", 
                "release": "9.el7"
            }, 
            {
                "name": "pyliblzma", 
                "gpg": "199e2f91fd431d51", 
                "srpm_name": "pyliblzma", 
                "summary": "Python bindings for lzma", 
                "srpm_nevra": "pyliblzma-0:0.5.3-11.el7.src", 
                "version": "0.5.3", 
                "architecture": "x86_64", 
                "nvra": "pyliblzma-0.5.3-11.el7.x86_64", 
                "release": "11.el7"
            }, 
            {
                "name": "python-chardet", 
                "gpg": "199e2f91fd431d51", 
                "srpm_name": "python-chardet", 
                "summary": "Character encoding auto-detection in Python", 
                "srpm_nevra": "python-chardet-0:2.2.1-1.el7_1.src", 
                "version": "2.2.1", 
                "architecture": "noarch", 
                "nvra": "python-chardet-2.2.1-1.el7_1.noarch", 
                "release": "1.el7_1"
            }, 
            {
                "name": "python-dateutil", 
                "gpg": "199e2f91fd431d51", 
                "srpm_name": "python-dateutil", 
                "summary": "Powerful extensions to the standard datetime module", 
                "srpm_nevra": "python-dateutil-0:1.5-7.el7.src", 
                "version": "1.5", 
                "architecture": "noarch", 
                "nvra": "python-dateutil-1.5-7.el7.noarch", 
                "release": "7.el7"
            }, 
            {
                "name": "python-decorator", 
                "gpg": "199e2f91fd431d51", 
                "srpm_name": "python-decorator", 
                "summary": "Module to simplify usage of decorators", 
                "srpm_nevra": "python-decorator-0:3.4.0-3.el7.src", 
                "version": "3.4.0", 
                "architecture": "noarch", 
                "nvra": "python-decorator-3.4.0-3.el7.noarch", 
                "release": "3.el7"
            }, 
            {
                "name": "python-dmidecode", 
                "gpg": "199e2f91fd431d51", 
                "srpm_name": "python-dmidecode", 
                "summary": "Python module to access DMI data", 
                "srpm_nevra": "python-dmidecode-0:3.12.2-1.el7.src", 
                "version": "3.12.2", 
                "architecture": "x86_64", 
                "nvra": "python-dmidecode-3.12.2-1.el7.x86_64", 
                "release": "1.el7"
            }, 
            {
                "name": "python-ethtool", 
                "gpg": "199e2f91fd431d51", 
                "srpm_name": "python-ethtool", 
                "summary": "Ethernet settings python bindings", 
                "srpm_nevra": "python-ethtool-0:0.8-5.el7.src", 
                "version": "0.8", 
                "architecture": "x86_64", 
                "nvra": "python-ethtool-0.8-5.el7.x86_64", 
                "release": "5.el7"
            }, 
            {
                "name": "python-gobject-base", 
                "gpg": "199e2f91fd431d51", 
                "srpm_name": "pygobject3", 
                "summary": "Python 2 bindings for GObject Introspection base package", 
                "srpm_nevra": "pygobject3-0:3.22.0-1.el7.src", 
                "version": "3.22.0", 
                "architecture": "x86_64", 
                "nvra": "python-gobject-base-3.22.0-1.el7.x86_64", 
                "release": "1.el7"
            }, 
            {
                "name": "python-iniparse", 
                "gpg": "199e2f91fd431d51", 
                "srpm_name": "python-iniparse", 
                "summary": "Python Module for Accessing and Modifying Configuration Data in INI files", 
                "srpm_nevra": "python-iniparse-0:0.4-9.el7.src", 
                "version": "0.4", 
                "architecture": "noarch", 
                "nvra": "python-iniparse-0.4-9.el7.noarch", 
                "release": "9.el7"
            }, 
            {
                "name": "python-kitchen", 
                "gpg": "199e2f91fd431d51", 
                "srpm_name": "python-kitchen", 
                "summary": "Small, useful pieces of code to make python coding easier", 
                "srpm_nevra": "python-kitchen-0:1.1.1-5.el7.src", 
                "version": "1.1.1", 
                "architecture": "noarch", 
                "nvra": "python-kitchen-1.1.1-5.el7.noarch", 
                "release": "5.el7"
            }, 
            {
                "name": "python-libs", 
                "gpg": "199e2f91fd431d51", 
                "srpm_name": "python", 
                "summary": "Runtime libraries for Python", 
                "srpm_nevra": "python-0:2.7.5-58.el7.src", 
                "version": "2.7.5", 
                "architecture": "x86_64", 
                "nvra": "python-libs-2.7.5-58.el7.x86_64", 
                "release": "58.el7"
            }, 
            {
                "name": "python-pycurl", 
                "gpg": "199e2f91fd431d51", 
                "srpm_name": "python-pycurl", 
                "summary": "A Python interface to libcurl", 
                "srpm_nevra": "python-pycurl-0:7.19.0-19.el7.src", 
                "version": "7.19.0", 
                "architecture": "x86_64", 
                "nvra": "python-pycurl-7.19.0-19.el7.x86_64", 
                "release": "19.el7"
            }, 
            {
                "name": "python-rhsm-certificates", 
                "gpg": "199e2f91fd431d51", 
                "srpm_name": "python-rhsm", 
                "summary": "Certificates required to communicate with a Red Hat Unified Entitlement Platform", 
                "srpm_nevra": "python-rhsm-0:1.19.7-1.el7.src", 
                "version": "1.19.7", 
                "architecture": "x86_64", 
                "nvra": "python-rhsm-certificates-1.19.7-1.el7.x86_64", 
                "release": "1.el7"
            }, 
            {
                "name": "python-rhsm", 
                "gpg": "199e2f91fd431d51", 
                "srpm_name": "python-rhsm", 
                "summary": "A Python library to communicate with a Red Hat Unified Entitlement Platform", 
                "srpm_nevra": "python-rhsm-0:1.19.7-1.el7.src", 
                "version": "1.19.7", 
                "architecture": "x86_64", 
                "nvra": "python-rhsm-1.19.7-1.el7.x86_64", 
                "release": "1.el7"
            }, 
            {
                "name": "python-urlgrabber", 
                "gpg": "199e2f91fd431d51", 
                "srpm_name": "python-urlgrabber", 
                "summary": "A high-level cross-protocol url-grabber", 
                "srpm_nevra": "python-urlgrabber-0:3.10-8.el7.src", 
                "version": "3.10", 
                "architecture": "noarch", 
                "nvra": "python-urlgrabber-3.10-8.el7.noarch", 
                "release": "8.el7"
            }, 
            {
                "name": "python", 
                "gpg": "199e2f91fd431d51", 
                "srpm_name": "python", 
                "summary": "An interpreted, interactive, object-oriented programming language", 
                "srpm_nevra": "python-0:2.7.5-58.el7.src", 
                "version": "2.7.5", 
                "architecture": "x86_64", 
                "nvra": "python-2.7.5-58.el7.x86_64", 
                "release": "58.el7"
            }, 
            {
                "name": "pyxattr", 
                "gpg": "199e2f91fd431d51", 
                "srpm_name": "pyxattr", 
                "summary": "Extended attributes library wrapper for Python", 
                "srpm_nevra": "pyxattr-0:0.5.1-5.el7.src", 
                "version": "0.5.1", 
                "architecture": "x86_64", 
                "nvra": "pyxattr-0.5.1-5.el7.x86_64", 
                "release": "5.el7"
            }, 
            {
                "name": "qrencode-libs", 
                "gpg": "199e2f91fd431d51", 
                "srpm_name": "qrencode", 
                "summary": "QR Code encoding library - Shared libraries", 
                "srpm_nevra": "qrencode-0:3.4.1-3.el7.src", 
                "version": "3.4.1", 
                "architecture": "x86_64", 
                "nvra": "qrencode-libs-3.4.1-3.el7.x86_64", 
                "release": "3.el7"
            }, 
            {
                "name": "readline", 
                "gpg": "199e2f91fd431d51", 
                "srpm_name": "readline", 
                "summary": "A library for editing typed command lines", 
                "srpm_nevra": "readline-0:6.2-10.el7.src", 
                "version": "6.2", 
                "architecture": "x86_64", 
                "nvra": "readline-6.2-10.el7.x86_64", 
                "release": "10.el7"
            }, 
            {
                "name": "redhat-release-server", 
                "gpg": "199e2f91fd431d51", 
                "srpm_name": "redhat-release-server", 
                "summary": "Red Hat Enterprise Linux Server release file", 
                "srpm_nevra": "redhat-release-server-0:7.4-15.el7.src", 
                "version": "7.4", 
                "architecture": "x86_64", 
                "nvra": "redhat-release-server-7.4-15.el7.x86_64", 
                "release": "15.el7"
            }, 
            {
                "name": "rootfiles", 
                "gpg": "199e2f91fd431d51", 
                "srpm_name": "rootfiles", 
                "summary": "The basic required files for the root user's directory", 
                "srpm_nevra": "rootfiles-0:8.1-11.el7.src", 
                "version": "8.1", 
                "architecture": "noarch", 
                "nvra": "rootfiles-8.1-11.el7.noarch", 
                "release": "11.el7"
            }, 
            {
                "name": "rpm-build-libs", 
                "gpg": "199e2f91fd431d51", 
                "srpm_name": "rpm", 
                "summary": "Libraries for building and signing RPM packages", 
                "srpm_nevra": "rpm-0:4.11.3-25.el7.src", 
                "version": "4.11.3", 
                "architecture": "x86_64", 
                "nvra": "rpm-build-libs-4.11.3-25.el7.x86_64", 
                "release": "25.el7"
            }, 
            {
                "name": "rpm-libs", 
                "gpg": "199e2f91fd431d51", 
                "srpm_name": "rpm", 
                "summary": "Libraries for manipulating RPM packages", 
                "srpm_nevra": "rpm-0:4.11.3-25.el7.src", 
                "version": "4.11.3", 
                "architecture": "x86_64", 
                "nvra": "rpm-libs-4.11.3-25.el7.x86_64", 
                "release": "25.el7"
            }, 
            {
                "name": "rpm-python", 
                "gpg": "199e2f91fd431d51", 
                "srpm_name": "rpm", 
                "summary": "Python bindings for apps which will manipulate RPM packages", 
                "srpm_nevra": "rpm-0:4.11.3-25.el7.src", 
                "version": "4.11.3", 
                "architecture": "x86_64", 
                "nvra": "rpm-python-4.11.3-25.el7.x86_64", 
                "release": "25.el7"
            }, 
            {
                "name": "rpm", 
                "gpg": "199e2f91fd431d51", 
                "srpm_name": "rpm", 
                "summary": "The RPM package management system", 
                "srpm_nevra": "rpm-0:4.11.3-25.el7.src", 
                "version": "4.11.3", 
                "architecture": "x86_64", 
                "nvra": "rpm-4.11.3-25.el7.x86_64", 
                "release": "25.el7"
            }, 
            {
                "name": "sed", 
                "gpg": "199e2f91fd431d51", 
                "srpm_name": "sed", 
                "summary": "A GNU stream text editor", 
                "srpm_nevra": "sed-0:4.2.2-5.el7.src", 
                "version": "4.2.2", 
                "architecture": "x86_64", 
                "nvra": "sed-4.2.2-5.el7.x86_64", 
                "release": "5.el7"
            }, 
            {
                "name": "setup", 
                "gpg": "199e2f91fd431d51", 
                "srpm_name": "setup", 
                "summary": "A set of system configuration and setup files", 
                "srpm_nevra": "setup-0:2.8.71-7.el7.src", 
                "version": "2.8.71", 
                "architecture": "noarch", 
                "nvra": "setup-2.8.71-7.el7.noarch", 
                "release": "7.el7"
            }, 
            {
                "name": "shadow-utils", 
                "gpg": "199e2f91fd431d51", 
                "srpm_name": "shadow-utils", 
                "summary": "Utilities for managing accounts and shadow password files", 
                "srpm_nevra": "shadow-utils-2:4.1.5.1-24.el7.src", 
                "version": "4.1.5.1", 
                "architecture": "x86_64", 
                "nvra": "shadow-utils-4.1.5.1-24.el7.x86_64", 
                "release": "24.el7"
            }, 
            {
                "name": "shared-mime-info", 
                "gpg": "199e2f91fd431d51", 
                "srpm_name": "shared-mime-info", 
                "summary": "Shared MIME information database", 
                "srpm_nevra": "shared-mime-info-0:1.8-3.el7.src", 
                "version": "1.8", 
                "architecture": "x86_64", 
                "nvra": "shared-mime-info-1.8-3.el7.x86_64", 
                "release": "3.el7"
            }, 
            {
                "name": "sqlite", 
                "gpg": "199e2f91fd431d51", 
                "srpm_name": "sqlite", 
                "summary": "Library that implements an embeddable SQL database engine", 
                "srpm_nevra": "sqlite-0:3.7.17-8.el7.src", 
                "version": "3.7.17", 
                "architecture": "x86_64", 
                "nvra": "sqlite-3.7.17-8.el7.x86_64", 
                "release": "8.el7"
            }, 
            {
                "name": "subscription-manager", 
                "gpg": "199e2f91fd431d51", 
                "srpm_name": "subscription-manager", 
                "summary": "Tools and libraries for subscription and repository management", 
                "srpm_nevra": "subscription-manager-0:1.19.16-1.el7.src", 
                "version": "1.19.16", 
                "architecture": "x86_64", 
                "nvra": "subscription-manager-1.19.16-1.el7.x86_64", 
                "release": "1.el7"
            }, 
            {
                "name": "systemd-libs", 
                "gpg": "199e2f91fd431d51", 
                "srpm_name": "systemd", 
                "summary": "systemd libraries", 
                "srpm_nevra": "systemd-0:219-39.el7.src", 
                "version": "219", 
                "architecture": "x86_64", 
                "nvra": "systemd-libs-219-39.el7.x86_64", 
                "release": "39.el7"
            }, 
            {
                "name": "systemd", 
                "gpg": "199e2f91fd431d51", 
                "srpm_name": "systemd", 
                "summary": "A System and Service Manager", 
                "srpm_nevra": "systemd-0:219-39.el7.src", 
                "version": "219", 
                "architecture": "x86_64", 
                "nvra": "systemd-219-39.el7.x86_64", 
                "release": "39.el7"
            }, 
            {
                "name": "tar", 
                "gpg": "199e2f91fd431d51", 
                "srpm_name": "tar", 
                "summary": "A GNU file archiving program", 
                "srpm_nevra": "tar-2:1.26-32.el7.src", 
                "version": "1.26", 
                "architecture": "x86_64", 
                "nvra": "tar-1.26-32.el7.x86_64", 
                "release": "32.el7"
            }, 
            {
                "name": "tzdata", 
                "gpg": "199e2f91fd431d51", 
                "srpm_name": "tzdata", 
                "summary": "Timezone data", 
                "srpm_nevra": "tzdata-0:2017b-1.el7.src", 
                "version": "2017b", 
                "architecture": "noarch", 
                "nvra": "tzdata-2017b-1.el7.noarch", 
                "release": "1.el7"
            }, 
            {
                "name": "usermode", 
                "gpg": "199e2f91fd431d51", 
                "srpm_name": "usermode", 
                "summary": "Tools for certain user account management tasks", 
                "srpm_nevra": "usermode-0:1.111-5.el7.src", 
                "version": "1.111", 
                "architecture": "x86_64", 
                "nvra": "usermode-1.111-5.el7.x86_64", 
                "release": "5.el7"
            }, 
            {
                "name": "ustr", 
                "gpg": "199e2f91fd431d51", 
                "srpm_name": "ustr", 
                "summary": "String library, very low memory overhead, simple to import", 
                "srpm_nevra": "ustr-0:1.0.4-16.el7.src", 
                "version": "1.0.4", 
                "architecture": "x86_64", 
                "nvra": "ustr-1.0.4-16.el7.x86_64", 
                "release": "16.el7"
            }, 
            {
                "name": "util-linux", 
                "gpg": "199e2f91fd431d51", 
                "srpm_name": "util-linux", 
                "summary": "A collection of basic system utilities", 
                "srpm_nevra": "util-linux-0:2.23.2-41.el7.src", 
                "version": "2.23.2", 
                "architecture": "x86_64", 
                "nvra": "util-linux-2.23.2-41.el7.x86_64", 
                "release": "41.el7"
            }, 
            {
                "name": "vim-minimal", 
                "gpg": "199e2f91fd431d51", 
                "srpm_name": "vim", 
                "summary": "A minimal version of the VIM editor", 
                "srpm_nevra": "vim-2:7.4.160-2.el7.src", 
                "version": "7.4.160", 
                "architecture": "x86_64", 
                "nvra": "vim-minimal-7.4.160-2.el7.x86_64", 
                "release": "2.el7"
            }, 
            {
                "name": "virt-what", 
                "gpg": "199e2f91fd431d51", 
                "srpm_name": "virt-what", 
                "summary": "Detect if we are running in a virtual machine", 
                "srpm_nevra": "virt-what-0:1.13-10.el7.src", 
                "version": "1.13", 
                "architecture": "x86_64", 
                "nvra": "virt-what-1.13-10.el7.x86_64", 
                "release": "10.el7"
            }, 
            {
                "name": "which", 
                "gpg": "199e2f91fd431d51", 
                "srpm_name": "which", 
                "summary": "Displays where a particular program in your path is located", 
                "srpm_nevra": "which-0:2.20-7.el7.src", 
                "version": "2.20", 
                "architecture": "x86_64", 
                "nvra": "which-2.20-7.el7.x86_64", 
                "release": "7.el7"
            }, 
            {
                "name": "xz-libs", 
                "gpg": "199e2f91fd431d51", 
                "srpm_name": "xz", 
                "summary": "Libraries for decoding LZMA compression", 
                "srpm_nevra": "xz-0:5.2.2-1.el7.src", 
                "version": "5.2.2", 
                "architecture": "x86_64", 
                "nvra": "xz-libs-5.2.2-1.el7.x86_64", 
                "release": "1.el7"
            }, 
            {
                "name": "xz", 
                "gpg": "199e2f91fd431d51", 
                "srpm_name": "xz", 
                "summary": "LZMA compression utilities", 
                "srpm_nevra": "xz-0:5.2.2-1.el7.src", 
                "version": "5.2.2", 
                "architecture": "x86_64", 
                "nvra": "xz-5.2.2-1.el7.x86_64", 
                "release": "1.el7"
            }, 
            {
                "name": "yum-metadata-parser", 
                "gpg": "199e2f91fd431d51", 
                "srpm_name": "yum-metadata-parser", 
                "summary": "A fast metadata parser for yum", 
                "srpm_nevra": "yum-metadata-parser-0:1.1.4-10.el7.src", 
                "version": "1.1.4", 
                "architecture": "x86_64", 
                "nvra": "yum-metadata-parser-1.1.4-10.el7.x86_64", 
                "release": "10.el7"
            }, 
            {
                "name": "yum-plugin-ovl", 
                "gpg": "199e2f91fd431d51", 
                "srpm_name": "yum-utils", 
                "summary": "Yum plugin to work around overlayfs issues", 
                "srpm_nevra": "yum-utils-0:1.1.31-42.el7.src", 
                "version": "1.1.31", 
                "architecture": "noarch", 
                "nvra": "yum-plugin-ovl-1.1.31-42.el7.noarch", 
                "release": "42.el7"
            }, 
            {
                "name": "yum-utils", 
                "gpg": "199e2f91fd431d51", 
                "srpm_name": "yum-utils", 
                "summary": "Utilities based around the yum package manager", 
                "srpm_nevra": "yum-utils-0:1.1.31-42.el7.src", 
                "version": "1.1.31", 
                "architecture": "noarch", 
                "nvra": "yum-utils-1.1.31-42.el7.noarch", 
                "release": "42.el7"
            }, 
            {
                "name": "yum", 
                "gpg": "199e2f91fd431d51", 
                "srpm_name": "yum", 
                "summary": "RPM package installer/updater/manager", 
                "srpm_nevra": "yum-0:3.4.3-154.el7.src", 
                "version": "3.4.3", 
                "architecture": "noarch", 
                "nvra": "yum-3.4.3-154.el7.noarch", 
                "release": "154.el7"
            }, 
            {
                "name": "zlib", 
                "gpg": "199e2f91fd431d51", 
                "srpm_name": "zlib", 
                "summary": "The compression and decompression library", 
                "srpm_nevra": "zlib-0:1.2.7-17.el7.src", 
                "version": "1.2.7", 
                "architecture": "x86_64", 
                "nvra": "zlib-1.2.7-17.el7.x86_64", 
                "release": "17.el7"
            }
        ], 
        "virtual_size": 383513306, 
        "os": "Red Hat Enterprise Linux Server release 7.4 Beta (Maipo)", 
        "docker_image_id": "sha256:b098934f10ae831c325e856ab00e5fbcbe89035c7006e039a27e15e6fa937990", 
        "Size": 383513306
    }, 
    "Finished Time": "2017-06-26T13:06:34", 
    "run_time": "20170626T13:06:22.068-0400", 
    "docker_version": "1.12.6-11.el7", 
    "assessments": [
        {
            "url": "http://nope.nope/nope.html#is_rhel", 
            "required_for_certification": true, 
            "name": "is_rhel", 
            "value": true
        }, 
        {
            "url": "http://nope.nope/nope.html#licenses", 
            "required_for_certification": true, 
            "name": "has_licenses", 
            "value": true
        }, 
        {
            "url": "http://nope.nope/nope.html#rpm_verify_successful", 
            "required_for_certification": true, 
            "name": "rpm_verify_successful", 
            "value": true
        }, 
        {
            "url": "http://nope.nope/nope.html#repo_list_successful", 
            "required_for_certification": false, 
            "name": "repo_list_successful", 
            "value": true
        }, 
        {
            "url": "http://nope.nope/nope.html#rpm_list_successful", 
            "required_for_certification": true, 
            "name": "rpm_list_successful", 
            "value": true
        }, 
        {
            "url": "http://nope.nope/nope.html#not_running_privileged", 
            "required_for_certification": true, 
            "name": "not_running_privileged", 
            "value": true
        }, 
        {
            "url": "http://nope.nope/nope.html#not_running_as_root", 
            "required_for_certification": true, 
            "name": "not_running_as_root", 
            "value": true
        }, 
        {
            "url": "http://nope.nope/nope.html#name_label_exists", 
            "required_for_certification": true, 
            "name": "name_label_exists", 
            "value": true
        }, 
        {
            "url": "http://nope.nope/nope.html#vendor_label_exists", 
            "required_for_certification": true, 
            "name": "vendor_label_exists", 
            "value": true
        }, 
        {
            "url": "http://nope.nope/nope.html#version_label_exists", 
            "required_for_certification": true, 
            "name": "version_label_exists", 
            "value": true
        }, 
        {
            "url": "http://nope.nope/nope.html#release_label_exists", 
            "required_for_certification": true, 
            "name": "release_label_exists", 
            "value": true
        }, 
        {
            "url": "http://nope.nope/nope.html#run_label_exists", 
            "required_for_certification": false, 
            "name": "run_label_exists", 
            "value": false
        }, 
        {
            "url": "http://nope.nope/nope.html#stop_label_exists", 
            "required_for_certification": false, 
            "name": "stop_label_exists", 
            "value": false
        }, 
        {
            "url": "http://nope.nope/nope.html#Size_exists", 
            "required_for_certification": false, 
            "name": "Size_exists", 
            "value": true
        }, 
        {
            "url": "http://nope.nope/nope.html#VirtualSize_exists", 
            "required_for_certification": false, 
            "name": "VirtualSize_exists", 
            "value": true
        }, 
        {
            "url": "http://nope.nope/nope.html#Architecture_exists", 
            "required_for_certification": false, 
            "name": "Architecture_exists", 
            "value": true
        }, 
        {
            "url": "http://nope.nope/nope.html#Author_exists", 
            "required_for_certification": false, 
            "name": "Author_exists", 
            "value": true
        }, 
        {
            "url": "http://nope.nope/nope.html#Comment_exists", 
            "required_for_certification": false, 
            "name": "Comment_exists", 
            "value": true
        }, 
        {
            "url": "http://nope.nope/nope.html#Container_exists", 
            "required_for_certification": false, 
            "name": "Container_exists", 
            "value": true
        }, 
        {
            "url": "http://nope.nope/nope.html#Created_exists", 
            "required_for_certification": false, 
            "name": "Created_exists", 
            "value": true
        }, 
        {
            "url": "http://nope.nope/nope.html#DockerVersion_exists", 
            "required_for_certification": false, 
            "name": "DockerVersion_exists", 
            "value": true
        }, 
        {
            "url": "http://nope.nope/nope.html#Id_exists", 
            "required_for_certification": false, 
            "name": "Id_exists", 
            "value": true
        }, 
        {
            "url": "http://nope.nope/nope.html#RepoDigests_exists", 
            "required_for_certification": false, 
            "name": "RepoDigests_exists", 
            "value": true
        }, 
        {
            "url": "http://nope.nope/nope.html#help_label_exists", 
            "required_for_certification": false, 
            "name": "help_label_exists", 
            "value": false
        }, 
        {
            "url": "http://nope.nope/nope.html#dockerfile_exists", 
            "required_for_certification": false, 
            "name": "dockerfile_exists", 
            "value": false
        }, 
        {
            "url": "http://nope.nope/nope.html#atomic_help_exists", 
            "required_for_certification": true, 
            "name": "atomic_help_exists", 
            "value": true
        }, 
        {
            "url": "http://nope.nope/nope.html#good_tags", 
            "required_for_certification": true, 
            "name": "good_tags", 
            "value": true
        }, 
        {
            "url": "http://nope.nope/nope.html#Env_exists", 
            "required_for_certification": false, 
            "name": "Env_exists", 
            "value": true
        }, 
        {
            "url": "http://nope.nope/nope.html#ExposedPorts_exists", 
            "required_for_certification": false, 
            "name": "ExposedPorts_exists", 
            "value": false
        }, 
        {
            "url": "http://nope.nope/nope.html#distribution-scope_label_exists", 
            "required_for_certification": false, 
            "name": "distribution-scope_label_exists", 
            "value": true
        }, 
        {
            "url": "http://nope.nope/nope.html#build-date_label_exists", 
            "required_for_certification": false, 
            "name": "build-date_label_exists", 
            "value": true
        }, 
        {
            "url": "http://nope.nope/nope.html#Vendor_label_exists", 
            "required_for_certification": false, 
            "name": "Vendor_label_exists", 
            "value": true
        }, 
        {
            "url": "http://nope.nope/nope.html#Name_label_exists", 
            "required_for_certification": false, 
            "name": "Name_label_exists", 
            "value": true
        }, 
        {
            "url": "http://nope.nope/nope.html#Build_Host_label_exists", 
            "required_for_certification": false, 
            "name": "Build_Host_label_exists", 
            "value": true
        }, 
        {
            "url": "http://nope.nope/nope.html#vcs-type_label_exists", 
            "required_for_certification": false, 
            "name": "vcs-type_label_exists", 
            "value": true
        }, 
        {
            "url": "http://nope.nope/nope.html#vcs-ref_label_exists", 
            "required_for_certification": false, 
            "name": "vcs-ref_label_exists", 
            "value": true
        }, 
        {
            "url": "http://nope.nope/nope.html#Version_label_exists", 
            "required_for_certification": false, 
            "name": "Version_label_exists", 
            "value": true
        }, 
        {
            "url": "http://nope.nope/nope.html#Architecture_label_exists", 
            "required_for_certification": false, 
            "name": "Architecture_label_exists", 
            "value": true
        }, 
        {
            "url": "http://nope.nope/nope.html#Release_label_exists", 
            "required_for_certification": false, 
            "name": "Release_label_exists", 
            "value": true
        }, 
        {
            "url": "http://nope.nope/nope.html#BZComponent_label_exists", 
            "required_for_certification": false, 
            "name": "BZComponent_label_exists", 
            "value": true
        }, 
        {
            "url": "http://nope.nope/nope.html#Authoritative_Registry_label_exists", 
            "required_for_certification": false, 
            "name": "Authoritative_Registry_label_exists", 
            "value": true
        }, 
        {
            "url": "http://nope.nope/nope.html#com.redhat.build-host_label_exists", 
            "required_for_certification": false, 
            "name": "com.redhat.build-host_label_exists", 
            "value": true
        }, 
        {
            "url": "http://nope.nope/nope.html#architecture_label_exists", 
            "required_for_certification": false, 
            "name": "architecture_label_exists", 
            "value": true
        }, 
        {
            "url": "http://nope.nope/nope.html#good_layer_count", 
            "required_for_certification": true, 
            "name": "good_layer_count", 
            "value": true
        }, 
        {
            "url": "http://nope.nope/nope.html#free_of_critical_vulnerabilities", 
            "required_for_certification": true, 
            "name": "free_of_critical_vulnerabilities", 
            "value": true
        }
    ], 
    "container_id": "sha256:b098934f10ae831c325e856ab00e5fbcbe89035c7006e039a27e15e6fa937990", 
    "atomic_scan_version": "1.15.4-2.el7"
}